{"cameraMode":{"drawMode":0,"name":"Shaded","section":"Shading Mode"},"sceneLighting":false,"audioPlay":false,"sceneViewState":{"showFog":true,"showMaterialUpdate":false,"showSkybox":false,"showFlares":true,"showImageEffects":true,"showParticleSystems":true},"in2DMode":false,"pivot":{"x":39.70575714111328,"y":-3.4601125717163088,"z":-48.997894287109378},"rotation":{"x":-0.07848310470581055,"y":0.3991638123989105,"z":-0.039030078798532489,"w":-0.9131856560707092},"size":7.521157264709473,"orthographic":false}