{"cameraMode":{"drawMode":0,"name":"Shaded","section":"Shading Mode"},"sceneLighting":false,"audioPlay":false,"sceneViewState":{"showFog":true,"showMaterialUpdate":false,"showSkybox":false,"showFlares":true,"showImageEffects":true,"showParticleSystems":true},"in2DMode":false,"pivot":{"x":2.277191162109375,"y":-8.122912406921387,"z":4.917928695678711},"rotation":{"x":-0.0327293835580349,"y":-0.9439536929130554,"z":0.09804137796163559,"w":-0.31433719396591189},"size":8.834918022155762,"orthographic":false}